{"importBase":"import","nativeBase":"native","name":"main","deps":["internal"],"uuids":["7cPn+rex5IZbqEPPgbSLn7","07GNmWOb9KtLtjSWZm/vRn","0asxQqaWhAc5WvAmvDsjYj@0e750","0asxQqaWhAc5WvAmvDsjYj@1332c","0asxQqaWhAc5WvAmvDsjYj@2b0a8","0asxQqaWhAc5WvAmvDsjYj@426f2","0asxQqaWhAc5WvAmvDsjYj@4a7d8","0asxQqaWhAc5WvAmvDsjYj@4d16f","0asxQqaWhAc5WvAmvDsjYj@71919","0asxQqaWhAc5WvAmvDsjYj@754a2","0asxQqaWhAc5WvAmvDsjYj@ef86b","0asxQqaWhAc5WvAmvDsjYj@efe84","4fTEo0LQhKTZFpg0186Czu","5a8gG1WVFOLKgfrEqtkTLL@b47c0@40c10","5a8gG1WVFOLKgfrEqtkTLL@b47c0@74afd","5a8gG1WVFOLKgfrEqtkTLL@b47c0@7d38f","5a8gG1WVFOLKgfrEqtkTLL@b47c0@8fd34","5a8gG1WVFOLKgfrEqtkTLL@b47c0@bb97f","5a8gG1WVFOLKgfrEqtkTLL@b47c0@e9a6d","6fiRp7WghI5phB3bNkrIax","955bAq4zhCPL27F0htsdnr","aa3gnuj51BPKnojGhupeFg@73b7f","aa3gnuj51BPKnojGhupeFg@ef5e1","aeGN7qxuBKPb9w7lUz+bqH","baIUdvKGZPgZxNbjWTFuRI","c5CD51rS5OqYsz3udImVsA","e3VTytLxVCk4Waj0PHgPKJ@18751","e3VTytLxVCk4Waj0PHgPKJ@39f7b","e3VTytLxVCk4Waj0PHgPKJ@4b929","e3VTytLxVCk4Waj0PHgPKJ@73b7f","e3VTytLxVCk4Waj0PHgPKJ@da6f3","fdjsU2o1RKF5x0TziDw3jI","010d3a23c","04b964e93","070e260c2","07GNmWOb9KtLtjSWZm/vRn@6c48a","0a40fbfd0","0a9f2beb8","0asxQqaWhAc5WvAmvDsjYj@2df3a","0d0d3c8df","1brw/JvvpFnIvdrxpFCgMZ","5a8gG1WVFOLKgfrEqtkTLL@b47c0","5eTUjEDjRFr6JoiUhRl+i8","6fiRp7WghI5phB3bNkrIax@6c48a","700zdYHB5CTbCr6sdBBVm/","7b+d9AS8lOJYywmlAPlJEC","8aWN3s9DdAuY7AH8h96X+1","8eBHF49hxDIqL20a2yi2ri","955bAq4zhCPL27F0htsdnr@6c48a","a1Vfk7d2lMpLdfsT5SGThZ","a3zQCfCrBCDZJ4uf2rk5u8","a7YStUNeNCOKGpSntUY1g5","aa3gnuj51BPKnojGhupeFg@438fe","aeGN7qxuBKPb9w7lUz+bqH@6c48a","b6mOVasAtJh6i0r4PN3Fn3","c5CD51rS5OqYsz3udImVsA@6c48a","ccw6dVfT1DBKo7ykeS152f","cfxTxOeVZIK668P7Hc027v","e3VTytLxVCk4Waj0PHgPKJ@30732","e3VTytLxVCk4Waj0PHgPKJ@75ee4","e3VTytLxVCk4Waj0PHgPKJ@a72ab","e3VTytLxVCk4Waj0PHgPKJ@f1394"],"paths":{"0":["db:/assets/scene/main",0,1],"24":["db:/internal/physics/default-physics-material",2,1],"31":["db:/internal/default_renderpipeline/builtin-forward",1,1]},"scenes":{"db://assets/scene/main.scene":0},"packs":{"010d3a23c":[45,51],"04b964e93":[2,3,4,5,6,7,8,9,10,11,0,46,47,49,56,57,26,58,27,28,59,60,30,61],"070e260c2":[42,52,22,54],"0a40fbfd0":[38,43,48,35,53,55],"0a9f2beb8":[40,44],"0d0d3c8df":[41,13,14,15,16,17,18]},"versions":{"import":[32,"8d16f",33,"f5714",34,"d33fd",1,"c16a8",36,"d477d",37,"0a159",39,"f6137",12,"c16a8",19,"a2533",20,"c16a8",21,"715cc",23,"a2533",25,"a2533",29,"fd7a4",31,"731f4"],"native":[1,"d8edc",2,"06a3f",3,"8fd2e",4,"f5559",5,"2e4be",6,"becc0",7,"202a3",8,"bd902",9,"74f31",10,"a04ad",11,"67ee0",12,"d671f",13,"81da1",14,"97a5a",15,"a1180",16,"3c33c",17,"d34a8",18,"68d72",19,"cf633",20,"91ff5",22,"669fe",23,"6b8a5",25,"1bf62",26,"0cb2b",27,"768be",28,"07f1c",30,"62c49"]},"redirect":[50,"0",24,"0"],"debug":false,"extensionMap":{".cconb":[21,29]},"hasPreloadScript":true,"dependencyRelationships":{},"types":["cc.SceneAsset","cc.RenderPipeline","cc.PhysicsMaterial"]}